[
    ["15.11.24", "PP"],
    ["16.11.24", "PL"],
    ["22.11.24", "PP"],
    ["23.11.24", "PL"],
    ["29.11.24", "PP"],
    ["30.11.24", "PL"],
    ["05.12.24", "PP"],
    ["06.12.24", "S"],
    ["07.12.24", "PL"],
    ["13.12.24", "PP"],
    ["14.12.24", "PL"],
    ["23.12.24", "K"],
    ["note", "K is weekday timetable, but without peak frequency"],
    ["24.12.24", "S"],
    ["25.12.24", "KS"],
    ["26.12.24", "S"],
    ["27.12.24", "K"],
    ["30.12.24", "K"], 
    ["31.12.24", "PK"],
    ["01.01.25", "S"],
    ["02.01.25", "K"],
    ["03.01.25", "K"],
    ["06.01.25", "S"],
    ["note", "P timetable until Easter due to MMG repair"],
    ["01.04.25", "P"],
    ["02.04.25", "P"],
    ["03.04.25", "P"],
    ["08.04.25", "P"],
    ["09.04.25", "P"],
    ["10.04.25", "P"],
    ["15.04.25", "P"],
    ["16.04.25", "P"],
    ["17.04.25", "P"],
    ["18.04.25", "S"],
    ["20.04.25", "S"],
    ["21.04.25", "S"],
    ["30.04.25", "PP"],
    ["28.05.25", "P"],
    ["29.05.25", "S"],
    ["31.05.25", "PL"],
    ["END", "END"]
]
